Nombre,Contraseña
usuario1,pass4832
usuario2,clave1937
usuario3,seguro8291
usuario4,login5520
usuario5,clave9041
usuario6,pass1123
usuario7,seguro7782
usuario8,login6631
usuario9,clave2490
usuario10,pass9981
usuario11,clave3742
usuario12,seguro1209
usuario13,login5577
usuario14,pass8032
usuario15,clave6649
usuario16,seguro4721
usuario17,login2188
usuario18,pass3301
usuario19,clave7845
usuario20,seguro1923
usuario21,login8402
usuario22,pass5512
usuario23,clave9023
usuario24,seguro6610
usuario25,login4452
usuario26,pass7771
usuario27,clave3810
usuario28,seguro2190
usuario29,login9055
usuario30,pass1208
usuario31,clave7344
usuario32,seguro8821
usuario33,login6670
usuario34,pass9933
usuario35,clave5102
usuario36,seguro4789
usuario37,login3309
usuario38,pass6120
usuario39,clave8741
usuario40,seguro9022
usuario41,login1477
usuario42,pass5201
usuario43,clave7600
usuario44,seguro8888
usuario45,login2341
usuario46,pass6402
usuario47,clave9910
usuario48,seguro5561
usuario49,login3007
usuario50,pass7129